pool,dataset_left,program_left,dataset_right,program_right,top_gene_jaccard,shared_genes,patient_id_overlap,independence_note
high_confidence,GSE135851_core,program_1,GSE190260,program_5,0.030927835051546393,"HOXA10,SMAD2,TREM2",,different_patient_sets
high_confidence,GSE135851_core,program_2,GSE190260,program_3,0.041666666666666664,"CXCR4,RPS3,SERPINA1,TIMP2",,different_patient_sets
high_confidence,GSE135851_core,program_3,GSE190260,program_1,0.02040816326530612,"IFI27,RPLP0",,different_patient_sets
high_confidence,GSE135851_core,program_1,GSE217108,program_1,0.02040816326530612,"HEG1,TAGLN",,different_patient_sets
high_confidence,GSE135851_core,program_2,GSE217108,program_2,0.010101010101010102,PBX1,,different_patient_sets
high_confidence,GSE135851_core,program_3,GSE217108,program_3,0.010101010101010102,TGFBR1,,different_patient_sets
high_confidence,GSE135851_core,program_1,GSE302356,program_1,0.010101010101010102,DLC1,LAM3,same_patient_overlap_present
high_confidence,GSE135851_core,program_2,GSE302356,program_2,0.010101010101010102,RPS3,LAM3,same_patient_overlap_present
high_confidence,GSE135851_core,program_3,GSE302356,program_3,0.030927835051546393,"CALD1,SPTBN1,TCF4",LAM3,same_patient_overlap_present
high_confidence,GSE190260,program_1,GSE217108,program_4,0.041666666666666664,"FN1,HSPA1A,PABPC1,RPL3",,different_patient_sets
high_confidence,GSE190260,program_2,GSE217108,program_6,0.02040816326530612,"COL1A2,COL4A1",,different_patient_sets
high_confidence,GSE190260,program_3,GSE217108,program_3,0.010101010101010102,HLA-C,,different_patient_sets
high_confidence,GSE190260,program_4,GSE217108,program_5,0.010101010101010102,TMSB10,,different_patient_sets
high_confidence,GSE190260,program_5,GSE217108,program_2,0.0,,,different_patient_sets
high_confidence,GSE190260,program_1,GSE302356,program_2,0.13636363636363635,"CALM1,CFL1,DSTN,GAPDH,HSP90AA1,HSP90AB1,MALAT1,RPL3,RPLP0,RPS3,RPS6,YBX1",,different_patient_sets
high_confidence,GSE190260,program_2,GSE302356,program_3,0.02040816326530612,"COL4A1,MALAT1",,different_patient_sets
high_confidence,GSE190260,program_3,GSE302356,program_6,0.02040816326530612,"EZR,MALAT1",,different_patient_sets
high_confidence,GSE190260,program_4,GSE302356,program_4,0.02040816326530612,"IGF1R,MALAT1",,different_patient_sets
high_confidence,GSE190260,program_5,GSE302356,program_1,0.02040816326530612,"MALAT1,SFTPA2",,different_patient_sets
high_confidence,GSE217108,program_1,GSE302356,program_4,0.010101010101010102,LRBA,LAM32,same_patient_overlap_present
high_confidence,GSE217108,program_2,GSE302356,program_6,0.041666666666666664,"DOCK5,NEDD9,RASAL2,STARD13",LAM32,same_patient_overlap_present
high_confidence,GSE217108,program_3,GSE302356,program_1,0.1111111111111111,"ACOXL,FHIT,FOXP1,MED13L,MTUS1,NFIA,PATJ,PIP5K1B,PTPRK,SFTPA2",LAM32,same_patient_overlap_present
high_confidence,GSE217108,program_4,GSE302356,program_2,0.010101010101010102,RPL3,LAM32,same_patient_overlap_present
high_confidence,GSE217108,program_5,GSE302356,program_5,0.06382978723404255,"ARL15,FTX,MEF2A,PICALM,RAPGEF1,RBM47",LAM32,same_patient_overlap_present
high_confidence,GSE217108,program_6,GSE302356,program_3,0.05263157894736842,"CALD1,COL4A1,DCN,LHFPL6,SRGAP1",LAM32,same_patient_overlap_present
broad_lam_like,GSE135851_core,program_1,GSE190260,program_2,0.02040816326530612,"LGR5,RPS8",,different_patient_sets
broad_lam_like,GSE135851_core,program_2,GSE190260,program_3,0.05263157894736842,"ESR1,HOXA10,JUN,LGR5,RPS3",,different_patient_sets
broad_lam_like,GSE135851_core,program_3,GSE190260,program_4,0.030927835051546393,"C1QB,SFTPA2,TOP2A",,different_patient_sets
broad_lam_like,GSE135851_core,program_1,GSE217108,program_2,0.010101010101010102,CALD1,,different_patient_sets
broad_lam_like,GSE135851_core,program_2,GSE217108,program_5,0.02040816326530612,"SFTPC,SKAP1",,different_patient_sets
broad_lam_like,GSE135851_core,program_3,GSE217108,program_4,0.02040816326530612,"SFTPA1,SFTPA2",,different_patient_sets
broad_lam_like,GSE135851_core,program_1,GSE302356,program_1,0.0,,LAM3,same_patient_overlap_present
broad_lam_like,GSE135851_core,program_2,GSE302356,program_2,0.02040816326530612,"JUN,RPS3",LAM3,same_patient_overlap_present
broad_lam_like,GSE135851_core,program_3,GSE302356,program_4,0.02040816326530612,"SFTPA1,SFTPA2",LAM3,same_patient_overlap_present
broad_lam_like,GSE190260,program_2,GSE217108,program_2,0.0,,,different_patient_sets
broad_lam_like,GSE190260,program_3,GSE217108,program_1,0.0,,,different_patient_sets
broad_lam_like,GSE190260,program_4,GSE217108,program_4,0.02040816326530612,"EZR,SFTPA2",,different_patient_sets
broad_lam_like,GSE190260,program_5,GSE217108,program_3,0.02040816326530612,"CTSB,TXNIP",,different_patient_sets
broad_lam_like,GSE190260,program_6,GSE217108,program_5,0.05263157894736842,"HLA-A,HLA-E,RPS6,RPS8,TMSB10",,different_patient_sets
broad_lam_like,GSE190260,program_1,GSE302356,program_2,0.08695652173913043,"ACTA2,COX7C,DDX5,RPLP0,RPS3,RPS6,RPS8,YBX1",,different_patient_sets
broad_lam_like,GSE190260,program_2,GSE302356,program_3,0.010101010101010102,IGF1R,,different_patient_sets
broad_lam_like,GSE190260,program_3,GSE302356,program_4,0.010101010101010102,SFTPA1,,different_patient_sets
broad_lam_like,GSE190260,program_4,GSE302356,program_1,0.010101010101010102,GLS,,different_patient_sets
broad_lam_like,GSE190260,program_5,GSE302356,program_5,0.010101010101010102,TXNIP,,different_patient_sets
broad_lam_like,GSE217108,program_1,GSE302356,program_5,0.21951219512195122,"ATG7,COP1,DOCK2,DOCK8,ETV6,FOXN3,JMJD1C,LRRFIP1,MALAT1,MED13L,PICALM,RNF149,SBF2,SMAP2,TXNIP,USP15,XIST,ZFAND3",LAM32,same_patient_overlap_present
broad_lam_like,GSE217108,program_2,GSE302356,program_1,0.07526881720430108,"COL4A2,DST,EXT1,JMJD1C,MACF1,MALAT1,RASAL2",LAM32,same_patient_overlap_present
broad_lam_like,GSE217108,program_3,GSE302356,program_3,0.010101010101010102,MALAT1,LAM32,same_patient_overlap_present
broad_lam_like,GSE217108,program_4,GSE302356,program_4,0.21951219512195122,"ACACA,ACOXL,FOXP1,FTX,KANK1,LMO3,LRBA,MALAT1,MTUS1,PPP1R9A,PTPRK,RBPMS,RNF145,SFTPA1,SFTPA2,SFTPC,SPIDR,UNC13B",LAM32,same_patient_overlap_present
broad_lam_like,GSE217108,program_5,GSE302356,program_2,0.05263157894736842,"MALAT1,RPL3,RPS6,RPS8,TXNIP",LAM32,same_patient_overlap_present
unrestricted_lam,GSE135851_core,program_1,GSE190260,program_2,0.02040816326530612,"FIGF,TYMS",,different_patient_sets
unrestricted_lam,GSE135851_core,program_2,GSE190260,program_3,0.041666666666666664,"ESR1,HOXA10,JUN,SFTPA1",,different_patient_sets
unrestricted_lam,GSE135851_core,program_3,GSE190260,program_1,0.010101010101010102,JUN,,different_patient_sets
unrestricted_lam,GSE135851_core,program_1,GSE217108,program_5,0.010101010101010102,TYMS,,different_patient_sets
unrestricted_lam,GSE135851_core,program_2,GSE217108,program_6,0.02040816326530612,"MDK,SFTPA2",,different_patient_sets
unrestricted_lam,GSE135851_core,program_3,GSE217108,program_3,0.0,,,different_patient_sets
unrestricted_lam,GSE135851_core,program_1,GSE302356,program_2,0.030927835051546393,"COL4A2,IFI27,SPARC",LAM3,same_patient_overlap_present
unrestricted_lam,GSE135851_core,program_2,GSE302356,program_1,0.010101010101010102,SFTPC,LAM3,same_patient_overlap_present
unrestricted_lam,GSE135851_core,program_3,GSE302356,program_3,0.02040816326530612,"CTSS,IL1R2",LAM3,same_patient_overlap_present
unrestricted_lam,GSE190260,program_1,GSE217108,program_5,0.02040816326530612,"MKI67,TYMS",,different_patient_sets
unrestricted_lam,GSE190260,program_2,GSE217108,program_4,0.02040816326530612,"EZR,HLA-C",,different_patient_sets
unrestricted_lam,GSE190260,program_3,GSE217108,program_2,0.0,,,different_patient_sets
unrestricted_lam,GSE190260,program_4,GSE217108,program_6,0.030927835051546393,"HLA-E,SFTPA2,TMSB10",,different_patient_sets
unrestricted_lam,GSE190260,program_5,GSE217108,program_3,0.010101010101010102,HLA-A,,different_patient_sets
unrestricted_lam,GSE190260,program_1,GSE302356,program_2,0.030927835051546393,"CAV1,IGFBP7,RHOB",,different_patient_sets
unrestricted_lam,GSE190260,program_2,GSE302356,program_3,0.041666666666666664,"LITAF,OAZ1,SERPINA1,TXNIP",,different_patient_sets
unrestricted_lam,GSE190260,program_3,GSE302356,program_4,0.010101010101010102,IGF1R,,different_patient_sets
unrestricted_lam,GSE190260,program_4,GSE302356,program_5,0.0989010989010989,"CHCHD2,DDX5,HMGB1,MALAT1,RPLP0,RPS3,RPS6,RPS8,UQCRB",,different_patient_sets
unrestricted_lam,GSE190260,program_5,GSE302356,program_1,0.0,,,different_patient_sets
unrestricted_lam,GSE217108,program_1,GSE302356,program_1,0.041666666666666664,"ACOXL,JMJD1C,TOP1,TRIO",LAM32,same_patient_overlap_present
unrestricted_lam,GSE217108,program_3,GSE302356,program_5,0.0,,LAM32,same_patient_overlap_present
unrestricted_lam,GSE217108,program_4,GSE302356,program_3,0.041666666666666664,"FYB1,RNF149,SMCHD1,STK17B",LAM32,same_patient_overlap_present
unrestricted_lam,GSE217108,program_5,GSE302356,program_2,0.041666666666666664,"BMPR2,MYH9,NEDD9,SEC14L1",LAM32,same_patient_overlap_present
unrestricted_lam,GSE217108,program_6,GSE302356,program_4,0.07526881720430108,"ARID1B,ETV6,EXOC4,RABGAP1L,RERE,ZFAND3,ZSWIM6",LAM32,same_patient_overlap_present
