state_id,analogue,class,support,conflict,lam,uncertainty,consensus_cells,consensus_patients,consensus_datasets,consensus_cell_type_counts,consensus_candidate_reason_counts,consensus_source_author_style_counts,consensus_source_formal_signature_counts,consensus_known_marker_combo_ge2_cells,consensus_doublet_predicted_cells,consensus_mean_doublet_score,consensus_candidate_annotation_matched_cells,atlas_parent_state,atlas_substate_role,atlas_loo_patient_support,atlas_loo_dataset_support,atlas_full_reference_baseline_jaccard,atlas_loo_additional_loss,atlas_mean_matched_jaccard,atlas_dataset_coverage,atlas_normal_distance,atlas_boundary_connectivity,atlas_upstream_program_correspondence,atlas_novel_or_unexplained,atlas_de_genes,atlas_program_signal,atlas_structural_stability,atlas_biological_reproducibility,atlas_patient_direction_concordance,atlas_patient_coverage,atlas_continuous_evidence_score,repro_supported_patients,repro_patient_coverage,repro_dataset_coverage,repro_structural_stability,repro_direct_within_coassignment,repro_mean_loo_recovery,repro_mean_full_reference_baseline_jaccard,repro_mean_loo_additional_loss,repro_mean_dataset_loo_recovery,repro_biological_reproducibility,repro_patient_direction_concordance,repro_de_support_fraction,repro_effect_size_support_fraction,repro_de_genes,identity_cells,identity_LAM_core_fraction,identity_LAM_boundary_fraction,identity_non_LAM_like_fraction,identity_author_supported_fraction,identity_median_LAM_identity_score,identity_dominant_competing_lineage,identity_competing_lineage_counts,audit_cells,audit_author_style_cells,audit_formal_signature_cells,audit_author_or_formal_fraction,audit_marker_combo_candidate_cells,audit_marker_combo_fraction,audit_dominant_marker_combinations,audit_FIGF_VEGFD_duplicate_pass_cells,audit_FIGF_VEGFD_duplicate_pass_fraction,audit_FIGF_VEGFD_duplicate_pass_fraction_among_marker_combo,audit_median_detected_marker_count,audit_fraction_supported_only_by_1_UMI_detections,audit_only_1_UMI_marker_combo_cells,audit_original_ge2_but_alias_corrected_lt2_cells,audit_datasets,audit_patients,top_program_deltas,top_DE_markers
1,ciliated/airway-like epithelial,relatively_clear_normal-lineage analogue,"Top DE markers include DNAI1, DNAH9, DCDC1 and other cilia genes; strong ciliated geometry/identity signal in Stage16 diagnostic summary.",Upstream cell_type is unknown; Stage13 programs also contain hormone/HOX and interstitial signals.,Not supported as a LAM-core state; likely a normal airway-lineage contaminant within the high-recall pool.,"Moderate: cell-type label is inferred from expression, not an upstream verified annotation.",703,10,4,"{""unknown"": 703}","{""known_marker_combo_and_marker_support"": 703}","{""False"": 703}","{""False"": 703}",703,1,0.1419817731808264,703,4,substate,7.25,0.9059352303478668,0.9775261443999468,0.0145409105176183,0.9820019017271489,4,3.2717679925022587,1.1974789915966386,mTOR_translation;normal_lung_interstitial;lineage_uterine_smooth_muscle;LAM_myogenic_contractile;macrophage_TREM2_TYROBP,False,16905,0.501775474272366,0.9628848873718564,0.3893193992572874,0.774169377896086,0.6666666666666666,0.7770938915630947,8.0,0.6666666666666666,4.0,0.9628848873718564,0.9437678730165636,0.9820019017271489,0.9763125865448968,-0.005689315182252,0.9059352303478668,0.3893193992572874,0.774169377896086,0.132919254658385,0.2608695652173913,16905.0,703,0.0,0.0597439544807965,0.9402560455192034,0.0,-2.328441381454468,ciliated,"{""AT2"": 1, ""ciliated"": 698, ""fibroblast"": 2, ""macrophage"": 1, ""mesothelial"": 1}",703,0,0,0.0,703,1.0,"{""ACTA2 + ESR1"": 40, ""MITF + ACTA2"": 36, ""MITF + ACTA2 + ESR1"": 63, ""MITF + ESR1"": 285, ""MITF + ESR1 + CTSK"": 36}",0,0.0,0.0,2.0,0.1692745376955903,119,0,4,10,hormone_related=0.301; HOX_PBX=0.268; SLS_stem_like=0.182; IL6_AT2_repair=0.044; TGFbeta_fibroblast=-0.017,"ZBBX(8.84), TTC29(8.51), DNAI1(8.23), ADGB(7.95), DNAH9(7.94), VWA3B(7.92), DCDC1(7.78), ARMC4(7.69)"
2,undetermined rare substate,insufficient evidence,One cell only; mTOR/MDK program signal.,No patient or dataset-level reproducibility; no formal DE support.,Cannot establish LAM relationship.,Very high; do not assign a biological analogue.,1,1,1,"{""unknown"": 1}","{""known_marker_combo_and_marker_support"": 1}","{""False"": 1}","{""False"": 1}",1,0,,1,1,substate,8.333333333333334,0.0032717337115961,0.0021887689969857,0.0004100281669671,0.0013715609532246,1,,,mTOR_translation;MDK_dormancy_persistence;macrophage_TREM2_TYROBP;lineage_uterine_smooth_muscle;LAM_myogenic_contractile,False,0,1.1143463438664256,0.5006857804766124,0.0,,0.0,0.167352447143279,0.0,0.0,0.0,0.5006857804766124,1.0,0.0013715609532246,0.0019513385470199,0.0005797775937952,0.0032717337115961,0.0,,0.0,0.0,0.0,1,0.0,1.0,0.0,0.0,0.3121109008789062,ciliated,"{""ciliated"": 1}",1,0,0,0.0,1,1.0,"{""MITF + CTSK"": 1}",0,0.0,0.0,2.0,1.0,1,0,1,1,mTOR_translation=1.114; MDK_dormancy_persistence=0.619; SLS_stem_like=0.256; hypoxia_stress=0.225; IL6_AT2_repair=0.116,
3,"myeloid/inflammatory-like, provisional",insufficient evidence,Four cells; macrophage_TREM2_TYROBP and inflammatory programs.,Only two patients and no formal DE/LOO biological support.,Not sufficient for LAM interpretation.,Very high.,4,2,2,"{""unknown"": 4}","{""known_marker_combo_and_marker_support"": 4}","{""False"": 4}","{""False"": 4}",4,0,,4,0,substate,6.916666666666667,0.0047794140632038,0.0088947639383729,0.0037843234920476,0.0052207825740324,2,,,macrophage_TREM2_TYROBP;lineage_uterine_smooth_muscle;LAM_myogenic_contractile;IS_inflammatory;CORE1,False,0,0.3726557175297116,0.3414992897788756,0.0,,0.0,0.1155733574509693,0.0,0.0,0.0,0.3414992897788756,0.6777777969837189,0.0052207825740324,0.0089406057859825,0.00371982321195,0.0047794140632038,0.0,,0.0,0.0,0.0,4,0.0,0.75,0.25,0.0,1.967423677444458,macrophage,"{""endothelial"": 1, ""fibroblast"": 1, ""macrophage"": 2}",4,0,0,0.0,4,1.0,"{""ACTA2 + CTSK"": 1, ""MITF + ACTA2 + ESR1"": 1, ""MITF + ESR1"": 2}",0,0.0,0.0,2.0,0.0,0,0,2,2,macrophage_TREM2_TYROBP=0.373; IS_inflammatory=0.281; protease_ECM_niche=0.140; hypoxia_stress=0.127; IL6_AT2_repair=0.055,
4,mixed immune–mesenchymal/interstitial,mixed or uncertain,"LAM-myogenic/uterine-smooth and normal-interstitial programs; top markers include IGLV3-21, TNFRSF17, F13A1 and CD163L1.",Immune/plasma-cell-like markers conflict with a simple LAM interpretation; upstream cell_type unknown.,May contain LAM-shared myogenic signal but is not LAM-specific.,High; mixed profile and no single decisive lineage assignment.,550,10,4,"{""unknown"": 550}","{""known_marker_combo_and_marker_support"": 550}","{""False"": 550}","{""False"": 550}",550,0,0.0394567209391595,550,0,substate,8.0,0.7445890257074794,0.8151608384863711,0.026298494341782,0.8036201169569591,4,3.294472275988629,2.0496054114994364,LAM_myogenic_contractile;lineage_uterine_smooth_muscle;normal_lung_interstitial;mTOR_translation;LAF_niche,False,16862,0.4876809033928851,0.7964477901985803,0.4653757956746926,0.7843968686988495,0.75,0.7124601428822703,9.0,0.75,4.0,0.7964477901985803,0.7892754634402015,0.8036201169569591,0.8132425059487609,0.009622388991802,0.7445890257074794,0.4653757956746926,0.7843968686988495,0.2295101411457715,0.3822203771794568,16862.0,550,0.029090909090909,0.7818181818181819,0.1890909090909091,0.0,2.284834384918213,macrophage,"{""AT2"": 9, ""ciliated"": 76, ""endothelial"": 114, ""fibroblast"": 61, ""macrophage"": 279, ""mesothelial"": 11}",550,0,0,0.0,550,1.0,"{""ACTA2 + CTSK"": 36, ""MITF + ACTA2"": 50, ""MITF + CTSK"": 92, ""MITF + ESR1"": 210, ""MITF + ESR1 + CTSK"": 28}",0,0.0,0.0,2.0,0.2127272727272727,117,0,4,10,CORE2=0.113; CORE3_identity=0.039; protease_ECM_niche=-0.014; cell_cycle=-0.045; TGFbeta_fibroblast=-0.049,"IGLV3-21(5.71), TNFRSF17(4.89), CLEC1B(4.57), SDS(4.24), F13A1(4.20), ITGAD(4.10), CD163L1(4.03), MIR137HG(3.98)"
5,macrophage/myeloid-like,relatively clear normal-lineage analogue,"FABP4, APOC1, MARCO, RETN and CCL23; macrophage_TREM2_TYROBP program delta 2.238, the strongest program signal in the atlas.","LAM-myogenic, mTOR and protease programs are also elevated, reflecting shared tissue programs or admixture.",Not LAM-core; LAM-associated programs should not override the strong myeloid analogue.,Low-to-moderate for the broad analogue; exact macrophage subtype is not resolved.,864,10,4,"{""unknown"": 864}","{""author_or_formal_candidate"": 5, ""known_marker_combo_and_marker_support"": 859}","{""False"": 859, ""True"": 5}","{""False"": 864}",864,2,0.0970681860185539,864,0,substate,8.416666666666666,0.8769433963119748,0.9940037246386836,0.0532585981133494,0.9620123699297874,4,3.075114050883912,1.1874139626352016,macrophage_TREM2_TYROBP;mTOR_translation;LAM_myogenic_contractile;lineage_uterine_smooth_muscle;protease_ECM_niche,False,16101,2.2381533276769736,0.950408815502366,0.559758193072894,0.7579653437674678,0.75,0.8075361805681288,9.0,0.75,4.0,0.950408815502366,0.9388052610749448,0.9620123699297874,0.9941629091662684,0.0321505392364811,0.8769433963119748,0.559758193072894,0.7579653437674678,0.3960002484317744,0.5253089870194397,16101.0,864,0.0046296296296296,0.6481481481481481,0.3472222222222222,0.005787037037037,1.2936735153198242,macrophage,"{""AT2"": 6, ""ciliated"": 60, ""endothelial"": 81, ""fibroblast"": 106, ""macrophage"": 606, ""mesothelial"": 5}",864,5,0,0.005787037037037,859,0.9942129629629628,"{""ACTA2 + CTSK"": 157, ""ACTA2 + ESR1"": 63, ""MITF + ACTA2"": 243, ""MITF + CTSK"": 156, ""MITF + ESR1"": 100}",0,0.0,0.0,2.0,0.5203725261932479,447,0,4,10,macrophage_TREM2_TYROBP=2.238; mTOR_translation=0.531; protease_ECM_niche=0.493; MDK_dormancy_persistence=0.279; cell_cycle=0.150,"FABP4(5.90), APOC1(5.40), AGRP(5.39), RETN(5.27), MARCO(5.16), CD52(5.11), CCL23(5.10), IGSF6(4.94)"
6,rare myeloid/AT2-mixed substate,insufficient evidence,Three cells; macrophage and IL6/AT2-repair programs.,"Only two patients, no formal biological reproducibility.",Cannot distinguish LAM biology from a mixed rare state.,Very high.,3,2,2,"{""unknown"": 3}","{""known_marker_combo_and_marker_support"": 3}","{""False"": 3}","{""False"": 3}",3,0,,3,2,substate,7.25,0.0050831402899909,0.0052322205297831,0.000184157822869,0.0050363701792218,2,,,macrophage_TREM2_TYROBP;IL6_AT2_repair;lineage_uterine_smooth_muscle;LAM_myogenic_contractile;ECM_remodeling,False,0,0.6433172822139833,0.4086910368110567,0.0,,0.0,0.1379091356634261,0.0,0.0,0.0,0.4086910368110567,0.8123457034428915,0.0050363701792218,0.0051106604849126,7.429030569078332e-05,0.0050831402899909,0.0,,0.0,0.0,0.0,3,0.0,1.0,0.0,0.0,1.6946613788604736,endothelial,"{""endothelial"": 1, ""fibroblast"": 1, ""macrophage"": 1}",3,0,0,0.0,3,1.0,"{""ACTA2 + ESR1"": 1, ""MITF + ACTA2"": 1, ""PMEL + CTSK"": 1}",0,0.0,0.0,2.0,0.6666666666666666,2,0,2,2,macrophage_TREM2_TYROBP=0.643; mTOR_translation=0.221; MDK_dormancy_persistence=0.203; protease_ECM_niche=0.122; SLS_stem_like=0.060,
7,AT2-like alveolar epithelial/repair,relatively clear normal-lineage analogue,"SFTPC, SFTPA1, SFTPA2, KRT78 and SFTA2; IL6_AT2_repair is the leading program; Stage22 labels its adjacency ordinary lineage adjacency.",Some myogenic/macrophage program overlap is present in the candidate pool.,Not a LAM state on current evidence.,Low-to-moderate; exact repair-state biology remains unresolved.,576,11,4,"{""unknown"": 576}","{""known_marker_combo_and_marker_support"": 576}","{""False"": 576}","{""False"": 576}",576,7,0.1364345414392256,576,1,substate,10.083333333333334,0.6249495494999673,0.9693784348296984,0.440895301212713,0.4963276616559917,4,3.329043134515176,1.4860161591050345,IL6_AT2_repair;macrophage_TREM2_TYROBP;lineage_uterine_smooth_muscle;LAM_myogenic_contractile;normal_lung_interstitial,False,17141,0.6021676872709645,0.6826819842967636,0.3978258755809657,0.6985823464208623,0.9166666666666666,0.5688544669886458,11.0,0.9166666666666666,4.0,0.6826819842967636,0.8690363069375356,0.4963276616559917,0.9692206351148868,0.4728929734588952,0.6249495494999673,0.3978258755809657,0.6985823464208623,0.1774108861793361,0.3174843941426988,17141.0,576,0.0052083333333333,0.8819444444444444,0.1128472222222222,0.0,0.9585691690444946,AT2,"{""AT2"": 275, ""ciliated"": 178, ""endothelial"": 19, ""fibroblast"": 26, ""macrophage"": 8, ""mesothelial"": 70}",576,0,0,0.0,576,1.0,"{""ACTA2 + CTSK"": 30, ""MITF + ACTA2"": 66, ""MITF + CTSK"": 100, ""MITF + ESR1"": 155, ""MITF + ESR1 + CTSK"": 25}",0,0.0,0.0,2.0,0.4461805555555556,257,0,4,11,IL6_AT2_repair=0.602; hormone_related=0.064; TGFbeta_fibroblast=-0.020; HOX_PBX=-0.032; SLS_stem_like=-0.033,"PLA2G1B(4.94), AGTR2(4.92), SFTPC(4.75), SFTPA2(4.75), KRT78(4.70), SFRP5(4.70), SFTA2(4.58), SFTPA1(4.55)"
8,undetermined TGFβ/interstitial rare substate,insufficient evidence,"One cell; TGFbeta_fibroblast, hormone and HOX/PBX signals.",No replication or DE support.,Cannot establish LAM relationship.,Very high.,1,1,1,"{""unknown"": 1}","{""known_marker_combo_and_marker_support"": 1}","{""False"": 1}","{""False"": 1}",1,0,,1,1,substate,7.5,0.0037384895563946,0.0022064629420611,-0.0004162773715363,0.0023184450655619,1,,,ECM_remodeling;TGFbeta_fibroblast;LAM_myogenic_contractile;lineage_uterine_smooth_muscle;normal_lung_interstitial,False,0,0.5017988426122562,0.501159222532781,0.0,,0.0,0.1678258891994476,0.0,0.0,0.0,0.501159222532781,1.0,0.0023184450655619,0.0019559611851768,-0.0003624838803851,0.0037384895563946,0.0,,0.0,0.0,0.0,1,0.0,1.0,0.0,0.0,0.5052263736724854,macrophage,"{""macrophage"": 1}",1,0,0,0.0,1,1.0,"{""MITF + ESR1"": 1}",0,0.0,0.0,2.0,1.0,1,0,1,1,TGFbeta_fibroblast=0.501; hormone_related=0.348; HOX_PBX=0.148; MDK_dormancy_persistence=0.115; cell_cycle=-0.071,
9,mixed repair/interstitial-like,mixed or uncertain,"IL6_AT2_repair, hormone and TGFβ programs; 406 cells across four datasets.","Only five patients, no formal patient-level DE support and weak independent biological evidence.",May reflect tissue-repair programs rather than LAM identity.,High.,406,5,4,"{""unknown"": 406}","{""known_marker_combo_and_marker_support"": 406}","{""False"": 406}","{""False"": 406}",406,1,0.0561002984695842,406,1,substate,4.083333333333333,0.492429557075504,0.9098830049308586,0.3783234602423436,0.5446028738928521,4,3.2736464411223016,1.5862573099415205,LAM_myogenic_contractile;lineage_uterine_smooth_muscle;macrophage_TREM2_TYROBP;normal_lung_interstitial;mTOR_translation,False,0,0.4245185277312718,0.7286135596598886,0.0,,0.25,0.4244054778509136,3.0,0.25,3.0,0.7286135596598886,0.912624245426925,0.5446028738928521,0.9123290909513632,0.3677262170585111,0.492429557075504,0.0,,0.0,0.0,0.0,406,0.0,0.7684729064039408,0.2315270935960591,0.0,0.8601680397987366,ciliated,"{""AT2"": 44, ""ciliated"": 147, ""endothelial"": 62, ""fibroblast"": 96, ""macrophage"": 3, ""mesothelial"": 54}",406,0,0,0.0,406,1.0,"{""ACTA2 + ESR1"": 28, ""MITF + ACTA2"": 38, ""MITF + CTSK"": 25, ""MITF + ESR1"": 103, ""MITF + ESR1 + CTSK"": 22}",0,0.0,0.0,2.0,0.1699507389162561,69,0,4,5,IL6_AT2_repair=0.374; hormone_related=0.230; TGFbeta_fibroblast=0.164; IS_inflammatory=0.025; hypoxia_stress=-0.025,
10,rare myeloid/repair mixed state,insufficient evidence,Four cells; macrophage and IL6/AT2-repair programs.,Single dataset and no patient support.,No reliable LAM conclusion.,Very high.,4,1,1,"{""unknown"": 4}","{""known_marker_combo_and_marker_support"": 4}","{""False"": 4}","{""False"": 4}",4,0,,4,1,substate,6.75,0.0057978780950993,0.0036057653440994,-0.0012745542106619,0.0046300763164874,1,,,macrophage_TREM2_TYROBP;LAF_niche;normal_lung_interstitial;IL6_AT2_repair;mTOR_translation,False,0,0.6473348921778708,0.4467594784634767,0.0,,0.0,0.1504631849266547,0.0,0.0,0.0,0.4467594784634767,0.888888880610466,0.0046300763164874,0.003529547434596,-0.0011005288818913,0.0057978780950993,0.0,,0.0,0.0,0.0,4,0.0,0.0,1.0,0.0,1.7356247901916504,macrophage,"{""ciliated"": 1, ""macrophage"": 3}",4,0,0,0.0,4,1.0,"{""MITF + ACTA2 + ESR1 + CTSK"": 1, ""MITF + VEGFD"": 1, ""MLANA + MITF + ACTA2 + ESR1 + CTSK"": 1, ""PMEL + MITF + ESR1"": 1}",0,0.0,0.0,3.5,0.0,0,0,1,1,macrophage_TREM2_TYROBP=0.647; IL6_AT2_repair=0.245; TGFbeta_fibroblast=0.126; protease_ECM_niche=0.101; CORE2=0.080,
11,rare fibroblast/HOX-hormone-like state,insufficient evidence,"Three cells; HOX/PBX, hormone and TGFβ programs.",Single dataset and no biological replication.,No reliable LAM conclusion.,Very high.,3,1,1,"{""unknown"": 3}","{""known_marker_combo_and_marker_support"": 3}","{""False"": 3}","{""False"": 3}",3,0,,3,1,substate,6.833333333333333,0.0037230273726391,0.0036123685422498,0.0002870117343324,0.0032169011993569,1,,,mTOR_translation;HOX_PBX;hormone_related;TGFbeta_fibroblast;hypoxia_stress,False,0,0.6339747345815092,0.4719788426043272,0.0,,0.0,0.1583985812678947,0.0,0.0,0.0,0.4719788426043272,0.9407407840092976,0.0032169011993569,0.0035358493423839,0.000318948143027,0.0037230273726391,0.0,,0.0,0.0,0.0,3,0.0,0.3333333333333333,0.6666666666666666,0.0,1.3504643440246582,fibroblast,"{""endothelial"": 1, ""fibroblast"": 2}",3,0,0,0.0,3,1.0,"{""ESR1 + CTSK"": 1, ""MITF + ACTA2 + ESR1"": 1, ""PMEL + MITF + ESR1"": 1}",0,0.0,0.0,3.0,0.0,0,0,1,1,HOX_PBX=0.495; hormone_related=0.359; TGFbeta_fibroblast=0.311; LAF_niche=0.186; normal_lung_interstitial=0.132,
12,endothelial/lymphatic endothelial-like,relatively clear normal-lineage analogue,"MMRN1, TM4SF18, SELE, STAB2, CCL21 and FLT4; Stage22 dominant adjacent direction is endothelial.",Some LAM-myogenic/normal-interstitial programs overlap and high-recall candidate selection contributes to inclusion.,Not LAM-core; current branch null supports ordinary lineage adjacency.,Moderate; endothelial and lymphatic components are not separated into new states.,605,9,4,"{""unknown"": 605}","{""known_marker_combo_and_marker_support"": 605}","{""False"": 605}","{""False"": 605}",605,1,0.0917295510067664,605,1,substate,9.0,0.4450131923656742,0.9254116224465916,0.4565565714836198,0.4768023371620709,4,3.4094918755908146,2.027136258660508,mTOR_translation;macrophage_TREM2_TYROBP;normal_lung_interstitial;lineage_uterine_smooth_muscle;LAM_myogenic_contractile,False,16576,0.5291801700748494,0.681160600023974,0.3264022951522951,0.7245012870012869,0.4166666666666667,0.5522166298349067,5.0,0.4166666666666667,4.0,0.681160600023974,0.8855188628858771,0.4768023371620709,0.9257032994823444,0.4489009623202737,0.4450131923656742,0.3264022951522951,0.7245012870012869,0.0281129343629343,0.2265926640926641,16576.0,605,0.0066115702479338,0.6148760330578512,0.3785123966942149,0.0,1.0969488620758057,endothelial,"{""AT2"": 45, ""ciliated"": 90, ""endothelial"": 167, ""fibroblast"": 152, ""macrophage"": 96, ""mesothelial"": 55}",605,0,0,0.0,605,1.0,"{""MITF + ACTA2"": 49, ""MITF + ACTA2 + ESR1"": 26, ""MITF + CTSK"": 89, ""MITF + ESR1"": 143, ""MITF + ESR1 + CTSK"": 47}",0,0.0,0.0,2.0,0.2644628099173554,160,0,4,9,IL6_AT2_repair=0.170; hormone_related=0.154; TGFbeta_fibroblast=0.130; HOX_PBX=0.055; biomarker_VEGFD_PMEL_CCL14_MMP8=-0.024,"MMRN1(4.53), TM4SF18(4.35), SELE(4.35), UNC5A(4.26), STAB2(4.15), CCL21(4.05), FLT4(3.95), SCN3B(3.76)"
13,rare HOX/CORE3-mixed substate,insufficient evidence,Six cells; HOX/PBX and CORE3_identity signals.,"Only three datasets, no patient-level DE support and mixed programs.",A possible LAM-like signal cannot be separated from sampling noise.,Very high.,6,3,3,"{""unknown"": 6}","{""known_marker_combo_and_marker_support"": 6}","{""False"": 6}","{""False"": 6}",6,0,,6,2,substate,6.0,0.006887645703124,0.00957339164622,0.0014690497959576,0.0085099072326417,3,,,macrophage_TREM2_TYROBP;HOX_PBX;hormone_related;CORE3_identity;LAF_niche,False,0,0.3909290800170369,0.3388228531216182,0.0,,0.0,0.1157775867847533,0.0,0.0,0.0,0.3388228531216182,0.6691357990105947,0.0085099072326417,0.0095542479183023,0.0010443406856605,0.006887645703124,0.0,,0.0,0.0,0.0,6,0.1666666666666666,0.5,0.3333333333333333,0.0,3.0558109283447266,endothelial,"{""endothelial"": 3, ""fibroblast"": 3}",6,0,0,0.0,6,1.0,"{""MITF + ACTA2"": 1, ""MITF + ACTA2 + ESR1 + VEGFD + CTSK"": 1, ""MITF + ESR1 + CTSK"": 1, ""PMEL + MLANA + MITF + ACTA2 + ESR1 + CTSK"": 1, ""VEGFD + CTSK"": 1}",0,0.0,0.0,3.5,0.3333333333333333,2,0,3,3,HOX_PBX=0.387; hormone_related=0.266; CORE3_identity=0.251; cell_cycle=0.100; TGFbeta_fibroblast=0.079,
14,rare LAM-myogenic/contractile-like substate,insufficient evidence,"Three cells with high LAM-myogenic, uterine-smooth, CORE1 and CORE3 program deltas.","One dataset, no patient support and no formal DE replication.","Interesting LAM-like signal, but not a reproducible state claim.",Very high.,3,1,1,"{""unknown"": 3}","{""known_marker_combo_and_marker_support"": 3}","{""False"": 3}","{""False"": 3}",3,0,,3,4,substate,6.25,0.0139105861433923,0.0056365505913976,-0.0024708868036809,0.0065247604637203,1,,,LAM_myogenic_contractile;lineage_uterine_smooth_muscle;CORE1;MDK_dormancy_persistence;mTOR_translation,False,0,1.8935490796023904,0.4193117513949105,0.0,,0.0,0.1419455039528769,0.0,0.0,0.0,0.4193117513949105,0.8320987423261007,0.0065247604637203,0.0053625406232957,-0.0011622198404245,0.0139105861433923,0.0,,0.0,0.0,0.0,3,0.0,0.3333333333333333,0.6666666666666666,0.0,5.859469413757324,fibroblast,"{""ciliated"": 1, ""fibroblast"": 2}",3,0,0,0.0,3,1.0,"{""PMEL + MITF + ACTA2 + CTSK"": 1, ""PMEL + MITF + ACTA2 + ESR1 + CTSK"": 1, ""PMEL + MITF + ACTA2 + FIGF + CTSK"": 1}",0,0.0,0.0,5.0,0.0,0,0,1,1,LAM_myogenic_contractile=1.894; lineage_uterine_smooth_muscle=1.894; CORE1=1.374; MDK_dormancy_persistence=0.875; mTOR_translation=0.765,
15,LAM-rich contractile/mesenchymal candidate; provisional LAM-core anchor,LAM-associated candidate,200 cells; 7 patients/4 datasets; LAMCORE median 0.5125 in Stage18; CORE1/CORE3/LAM-myogenic/ECM programs; 49 author-style cells where author labels are available; removal of LAM1163 leaves 73 cells and LAMCORE median 0.4683.,LAM1163 contributes 127/200 with 6.8301-fold composition enrichment; author labels are available only in GSE135851; Stage11 biological reproducibility is 0.374758; Stage18 did not formally upgrade the anchor.,"Strongest LAM-rich state in this project, but still a provisional reference candidate rather than a diagnostic classifier or formal cross-patient anchor.",Moderate-to-high due to patient composition and incomplete independent author annotation.,200,7,4,"{""unknown"": 200}","{""author_or_formal_candidate"": 49, ""known_marker_combo_and_marker_support"": 151}","{""False"": 151, ""True"": 49}","{""False"": 200}",200,0,0.0930081280084333,200,2,substate,5.583333333333333,0.667230975103775,0.9953982122233648,0.2969313111611196,0.7088788763817352,4,3.981922298007541,4.0,LAM_myogenic_contractile;lineage_uterine_smooth_muscle;CORE1;CORE3_identity;ECM_remodeling,False,14208,2.0512894581427625,0.8541110574273367,0.37475757007007,0.709647147147147,0.4166666666666667,0.6618486627565723,5.0,0.4166666666666667,4.0,0.8541110574273367,0.9993432384729384,0.7088788763817352,0.9952714225020722,0.2863925461203369,0.667230975103775,0.37475757007007,0.709647147147147,0.0175253378378378,0.3971002252252252,14208.0,200,0.07,0.01,0.92,0.245,8.71738338470459,fibroblast,"{""AT2"": 2, ""ciliated"": 2, ""fibroblast"": 195, ""macrophage"": 1}",200,49,0,0.245,151,0.755,"{""PMEL + ACTA2 + ESR1 + CTSK"": 20, ""PMEL + ACTA2 + FIGF + CTSK"": 16, ""PMEL + MITF + ACTA2 + CTSK"": 32, ""PMEL + MITF + ACTA2 + ESR1 + CTSK"": 41, ""PMEL + MITF + ACTA2 + ESR1 + FIGF + CTSK"": 16}",0,0.0,0.0,4.0,0.0,0,0,4,7,LAM_myogenic_contractile=2.051; lineage_uterine_smooth_muscle=2.051; CORE1=1.456; CORE3_identity=1.145; ECM_remodeling=1.035,"HTN3(7.12), MMP11(6.47), PAGE4(6.25), PGM5-AS1(6.25), HOXA11(6.10), EMX2(5.64), PLAT(5.63), SFRP1(5.54)"
16,LAM-like to immune/T-NK transitional candidate,mixed or transitional,"396 cells; CORE1/CORE3/LAM-myogenic programs; State22 independent LAMCORE slope -0.023659, CORE3 slope -0.216772, 10 patients/4 datasets, matched-null p=0.025948; 74 author-style cells where assayed.",Only 7 patients meet the Stage22 per-patient branch criterion; immune signal is heterogeneous and upstream cell_type is unknown; Stage11 biological reproducibility 0.323088.,The only current local direction labeled LAM_to_lineage_transition_candidate; not a confirmed temporal transition.,High; may be a mixed state or a local LAM-preserving direction.,396,10,4,"{""unknown"": 396}","{""author_or_formal_candidate"": 74, ""known_marker_combo_and_marker_support"": 322}","{""False"": 322, ""True"": 74}","{""False"": 396}",396,0,0.0299408626066445,396,2,substate,7.083333333333333,0.7525242052334138,0.9540137255460376,0.2282215586924385,0.7168814873936604,4,3.615899055775924,2.10932944606414,LAM_myogenic_contractile;lineage_uterine_smooth_muscle;CORE1;CORE3_identity;macrophage_TREM2_TYROBP,False,17055,1.2855321303867682,0.7196327799664204,0.3230880484706342,0.5967047786572852,0.5833333333333334,0.5890767736220001,7.0,0.5833333333333334,4.0,0.7196327799664204,0.7223840725391802,0.7168814873936604,0.9537429583949972,0.2368614710013365,0.7525242052334138,0.3230880484706342,0.5967047786572852,0.0310172969803576,0.3415420697742597,17055.0,396,0.3762626262626262,0.2575757575757575,0.3661616161616162,0.1868686868686868,4.902379035949707,fibroblast,"{""AT2"": 59, ""ciliated"": 38, ""endothelial"": 14, ""fibroblast"": 239, ""macrophage"": 27, ""mesothelial"": 19}",396,74,0,0.1868686868686868,322,0.8131313131313131,"{""ACTA2 + CTSK"": 97, ""MITF + ACTA2"": 21, ""MITF + ACTA2 + ESR1"": 20, ""PMEL + ACTA2"": 23, ""PMEL + ACTA2 + CTSK"": 55}",0,0.0,0.0,2.5,0.1211180124223602,39,0,4,10,LAM_myogenic_contractile=1.286; lineage_uterine_smooth_muscle=1.286; CORE1=0.948; CORE3_identity=0.696; CORE2=0.220,"PCP4(5.73), HOXC10(5.42), TMEM196(5.32), CD3G(5.16), LINC00906(4.99), OR2L5(4.98), LINC00402(4.95), FABP7(4.94)"
17,"mesothelial/secretory epithelial-like, uncertain",mixed or uncertain,"121 cells; ITLN1, CALB2, CPB1, CPA4 and ANXA8 among top markers; mTOR/ECM/inflammatory programs.","Only 3 supported patients, 3 datasets, and the marker profile is not a single clean mesothelial signature.",No evidence for LAM-core; shared ECM/inflammatory signals are non-specific.,High.,121,5,3,"{""unknown"": 121}","{""known_marker_combo_and_marker_support"": 121}","{""False"": 121}","{""False"": 121}",121,0,0.0781731577472681,121,5,substate,3.1666666666666665,0.7284811097992916,0.9040773998199076,0.0502148695802265,0.8956563370531438,3,3.6002033286624484,1.107981220657277,mTOR_translation;ECM_remodeling;IS_inflammatory;normal_lung_interstitial;macrophage_TREM2_TYROBP,False,13716,1.1629385315604828,0.9131796417279768,0.4048718447231132,0.778336735685817,0.25,0.7480111397975128,3.0,0.25,1.0,0.9131796417279768,0.9307029464028098,0.8956563370531438,0.9503237870070714,0.0546674499539274,0.7284811097992916,0.4048718447231132,0.778336735685817,0.094925634295713,0.3413531641878098,13716.0,121,0.0,0.0,1.0,0.0,-0.8842808604240417,mesothelial,"{""fibroblast"": 44, ""mesothelial"": 77}",121,0,0,0.0,121,1.0,"{""ACTA2 + CTSK"": 80, ""ACTA2 + ESR1 + CTSK"": 4, ""MITF + ACTA2"": 6, ""MITF + ACTA2 + CTSK"": 10, ""MITF + CTSK"": 11}",0,0.0,0.0,2.0,0.2809917355371901,34,0,3,5,mTOR_translation=1.163; ECM_remodeling=0.857; IS_inflammatory=0.509; normal_lung_interstitial=0.499; hypoxia_stress=0.376,"TMEM151A(10.01), CALB2(9.95), ITLN1(9.90), CPB1(9.45), IL20(8.81), BNC1(8.39), CPA4(8.19), ANXA8(8.02)"
18,pericyte/VSMC/smooth-muscle-like,relatively clear normal-lineage analogue,"COX4I2, FOXC2, CASQ2, KCNA5, FHL5 and HIGD1B; high uterine-smooth/LAM-myogenic and CORE1 signal; strong structural stability 0.940033.","LAM and smooth-muscle programs overlap biologically, so ACTA2/myogenic signal alone cannot identify LAM; State18 did not meet the direct-connection branch rule.",Important LAM mimic/comparator; current evidence favors ordinary VSMC/pericyte adjacency rather than a LAM branch.,Moderate.,174,9,4,"{""unknown"": 174}","{""known_marker_combo_and_marker_support"": 174}","{""False"": 174}","{""False"": 174}",174,0,0.0543482094012096,174,2,substate,7.333333333333333,0.9542279649836471,0.9652329643112648,0.0463001300807155,0.9071677906461834,4,3.0232627917980324,1.3327085285848173,lineage_uterine_smooth_muscle;LAM_myogenic_contractile;CORE1;mTOR_translation;macrophage_TREM2_TYROBP,False,13690,2.437395444632767,0.9400330318823972,0.4089603116630143,0.7612856099342585,0.6666666666666666,0.7543616860314634,8.0,0.6666666666666666,4.0,0.9400330318823972,0.972898273118611,0.9071677906461834,0.9655923631051282,0.0584245724589449,0.9542279649836471,0.4089603116630143,0.7612856099342585,0.0640613586559532,0.4015339663988312,13690.0,174,0.0689655172413793,0.396551724137931,0.5344827586206896,0.0,2.1884894371032715,fibroblast,"{""AT2"": 7, ""ciliated"": 6, ""endothelial"": 4, ""fibroblast"": 156, ""mesothelial"": 1}",174,0,0,0.0,174,1.0,"{""ACTA2 + CTSK"": 89, ""ACTA2 + ESR1"": 6, ""ACTA2 + VEGFD"": 4, ""MITF + ACTA2"": 50, ""MITF + ACTA2 + CTSK"": 12}",0,0.0,0.0,2.0,0.0459770114942528,8,0,4,9,lineage_uterine_smooth_muscle=2.437; LAM_myogenic_contractile=2.437; CORE1=1.934; mTOR_translation=0.590; ECM_remodeling=0.287,"AC093390.1(8.55), CASQ2(8.41), KCNA5(8.39), COX4I2(7.38), FHL5(7.36), HIGD1B(7.36), FOXC2(7.30), ATP1A2(6.96)"
19,undetermined rare interstitial/hormone-like substate,insufficient evidence,"Two cells; hormone, normal-interstitial and LAF programs.","Two patients, two datasets and no biological replication.",Cannot establish LAM relationship.,Very high.,2,2,2,"{""unknown"": 2}","{""known_marker_combo_and_marker_support"": 2}","{""False"": 2}","{""False"": 2}",2,0,,2,3,substate,9.166666666666666,0.0018799926181834,0.0021805944543931,0.000460091334426,0.001667339953895,2,,,mTOR_translation;hormone_related;normal_lung_interstitial;macrophage_TREM2_TYROBP;LAF_niche,False,0,0.7444204024150808,0.4063892162606694,0.0,,0.0,0.1360188520715214,0.0,0.0,0.0,0.4063892162606694,0.8111110925674438,0.001667339953895,0.0019371885849288,0.0002698486310338,0.0018799926181834,0.0,,0.0,0.0,0.0,2,0.0,0.0,1.0,0.0,0.8867878913879395,fibroblast,"{""fibroblast"": 2}",2,0,0,0.0,2,1.0,"{""MITF + ACTA2 + ESR1"": 1, ""MITF + ESR1"": 1}",0,0.0,0.0,2.5,0.0,0,0,2,2,hormone_related=0.642; normal_lung_interstitial=0.596; LAF_niche=0.578; TGFbeta_fibroblast=0.452; ECM_remodeling=0.408,
20,fibroblast/lung interstitial-like,relatively clear normal-lineage analogue,"PI16, SFRP2, SCARA5, MYOC, DPT, C7, COMP and CXCL14; normal-lung-interstitial/LAF/ECM programs; Stage22 ordinary lineage adjacency.",Macrophage/MDK/LAM-myogenic shared programs and candidate enrichment can blur boundaries.,Not LAM-core; a principal normal interstitial/fibroblast comparator.,Low-to-moderate for broad analogue; fibroblast subtype not resolved.,756,10,4,"{""unknown"": 756}","{""author_or_formal_candidate"": 12, ""known_marker_combo_and_marker_support"": 744}","{""False"": 744, ""True"": 12}","{""False"": 756}",756,0,0.0787703898597184,756,3,substate,7.333333333333333,0.8945780616743703,0.9811499787236012,0.0857225257335982,0.8957105834285474,4,3.2406475835121595,1.313299232736573,normal_lung_interstitial;LAF_niche;ECM_remodeling;macrophage_TREM2_TYROBP;MDK_dormancy_persistence,False,16805,1.70088103454193,0.9125450360451768,0.4207180402657939,0.656501041356739,0.6666666666666666,0.7213686752740642,8.0,0.6666666666666666,4.0,0.9125450360451768,0.9293794886618064,0.8957105834285474,0.9814787486851378,0.0857681652565905,0.8945780616743703,0.4207180402657939,0.656501041356739,0.2701576911633442,0.3354953882772984,16805.0,756,0.0,0.0092592592592592,0.9907407407407408,0.0158730158730158,0.0721078291535377,fibroblast,"{""ciliated"": 4, ""endothelial"": 1, ""fibroblast"": 750, ""macrophage"": 1}",756,12,0,0.0158730158730158,744,0.984126984126984,"{""ACTA2 + CTSK"": 149, ""ESR1 + CTSK"": 60, ""MITF + ACTA2 + CTSK"": 56, ""MITF + CTSK"": 87, ""MITF + ESR1"": 63}",0,0.0,0.0,2.0,0.2513440860215054,187,0,4,10,normal_lung_interstitial=1.701; LAF_niche=1.607; ECM_remodeling=0.996; MDK_dormancy_persistence=0.396; mTOR_translation=0.375,"PI16(7.90), SFRP2(7.75), SCARA5(6.78), MYOC(6.77), DPT(6.58), C7(6.37), COMP(6.09), CXCL14(5.97)"
